task_id,split,in_hard
BigCodeBench/0,test,0
BigCodeBench/1,test,0
BigCodeBench/10,test,0
BigCodeBench/100,train,1
BigCodeBench/1000,train,0
BigCodeBench/1001,test,0
BigCodeBench/1002,dev,0
BigCodeBench/1003,train,1
BigCodeBench/1004,train,1
BigCodeBench/1005,train,0
BigCodeBench/1006,train,1
BigCodeBench/1007,train,0
BigCodeBench/1008,train,1
BigCodeBench/1009,train,0
BigCodeBench/101,train,1
BigCodeBench/1010,test,0
BigCodeBench/1011,train,0
BigCodeBench/1012,train,1
BigCodeBench/1013,train,1
BigCodeBench/1014,train,0
BigCodeBench/1015,test,1
BigCodeBench/1016,dev,0
BigCodeBench/1017,test,0
BigCodeBench/1018,train,0
BigCodeBench/1019,dev,1
BigCodeBench/102,train,0
BigCodeBench/1020,dev,1
BigCodeBench/1021,test,0
BigCodeBench/1022,train,1
BigCodeBench/1023,train,0
BigCodeBench/1024,train,0
BigCodeBench/1025,dev,0
BigCodeBench/1026,test,0
BigCodeBench/1027,test,0
BigCodeBench/1028,train,0
BigCodeBench/1029,test,0
BigCodeBench/103,train,0
BigCodeBench/1030,train,0
BigCodeBench/1031,train,0
BigCodeBench/1032,train,0
BigCodeBench/1033,train,0
BigCodeBench/1034,train,0
BigCodeBench/1035,train,0
BigCodeBench/1036,train,0
BigCodeBench/1037,dev,0
BigCodeBench/1038,test,0
BigCodeBench/1039,train,1
BigCodeBench/104,train,0
BigCodeBench/1040,test,1
BigCodeBench/1041,train,0
BigCodeBench/1042,train,1
BigCodeBench/1043,train,0
BigCodeBench/1044,train,0
BigCodeBench/1045,train,0
BigCodeBench/1046,test,0
BigCodeBench/1047,train,0
BigCodeBench/1048,train,0
BigCodeBench/1049,test,0
BigCodeBench/105,dev,0
BigCodeBench/1050,dev,0
BigCodeBench/1051,train,0
BigCodeBench/1052,train,0
BigCodeBench/1053,train,1
BigCodeBench/1054,train,0
BigCodeBench/1055,train,0
BigCodeBench/1056,train,0
BigCodeBench/1057,train,1
BigCodeBench/1058,test,0
BigCodeBench/1059,train,0
BigCodeBench/106,dev,0
BigCodeBench/1060,test,0
BigCodeBench/1061,train,0
BigCodeBench/1062,train,0
BigCodeBench/1063,train,0
BigCodeBench/1064,dev,0
BigCodeBench/1065,train,0
BigCodeBench/1066,train,0
BigCodeBench/1067,train,0
BigCodeBench/1068,train,0
BigCodeBench/1069,train,0
BigCodeBench/107,test,0
BigCodeBench/1070,train,0
BigCodeBench/1071,train,0
BigCodeBench/1072,dev,0
BigCodeBench/1073,dev,0
BigCodeBench/1074,train,0
BigCodeBench/1075,train,0
BigCodeBench/1076,dev,0
BigCodeBench/1077,train,1
BigCodeBench/1078,train,0
BigCodeBench/1079,train,0
BigCodeBench/108,train,1
BigCodeBench/1080,train,0
BigCodeBench/1081,dev,0
BigCodeBench/1082,test,0
BigCodeBench/1083,train,0
BigCodeBench/1084,train,0
BigCodeBench/1085,test,1
BigCodeBench/1086,train,0
BigCodeBench/1087,train,0
BigCodeBench/1088,dev,0
BigCodeBench/1089,dev,0
BigCodeBench/109,test,0
BigCodeBench/1090,dev,0
BigCodeBench/1091,dev,0
BigCodeBench/1092,train,0
BigCodeBench/1093,dev,0
BigCodeBench/1094,train,0
BigCodeBench/1095,train,0
BigCodeBench/1096,train,0
BigCodeBench/1097,dev,0
BigCodeBench/1098,train,0
BigCodeBench/1099,train,0
BigCodeBench/11,train,0
BigCodeBench/110,train,0
BigCodeBench/1100,test,0
BigCodeBench/1101,dev,0
BigCodeBench/1102,train,0
BigCodeBench/1103,dev,0
BigCodeBench/1104,train,0
BigCodeBench/1105,test,0
BigCodeBench/1106,test,0
BigCodeBench/1107,train,0
BigCodeBench/1108,train,0
BigCodeBench/1109,train,0
BigCodeBench/111,train,0
BigCodeBench/1110,train,0
BigCodeBench/1111,train,0
BigCodeBench/1112,train,0
BigCodeBench/1113,train,0
BigCodeBench/1114,train,0
BigCodeBench/1115,train,0
BigCodeBench/1116,train,0
BigCodeBench/1117,train,0
BigCodeBench/1118,train,0
BigCodeBench/1119,test,0
BigCodeBench/112,train,0
BigCodeBench/1120,train,0
BigCodeBench/1121,train,0
BigCodeBench/1122,train,0
BigCodeBench/1123,train,0
BigCodeBench/1124,dev,1
BigCodeBench/1125,train,0
BigCodeBench/1126,train,0
BigCodeBench/1127,test,0
BigCodeBench/1128,train,0
BigCodeBench/1129,train,1
BigCodeBench/113,train,0
BigCodeBench/1130,train,0
BigCodeBench/1131,dev,0
BigCodeBench/1132,test,0
BigCodeBench/1133,train,0
BigCodeBench/1134,dev,0
BigCodeBench/1135,train,0
BigCodeBench/1136,train,0
BigCodeBench/1137,train,1
BigCodeBench/1138,train,0
BigCodeBench/1139,train,0
BigCodeBench/114,train,0
BigCodeBench/115,train,0
BigCodeBench/116,train,0
BigCodeBench/117,dev,0
BigCodeBench/118,train,0
BigCodeBench/119,test,0
BigCodeBench/12,train,0
BigCodeBench/120,test,1
BigCodeBench/121,train,0
BigCodeBench/122,dev,0
BigCodeBench/123,train,1
BigCodeBench/124,train,1
BigCodeBench/125,train,0
BigCodeBench/126,train,0
BigCodeBench/127,train,0
BigCodeBench/128,train,0
BigCodeBench/129,train,1
BigCodeBench/13,train,1
BigCodeBench/130,test,0
BigCodeBench/131,train,0
BigCodeBench/132,train,0
BigCodeBench/133,train,0
BigCodeBench/134,train,0
BigCodeBench/135,train,0
BigCodeBench/136,test,0
BigCodeBench/137,dev,0
BigCodeBench/138,test,0
BigCodeBench/139,train,1
BigCodeBench/14,train,0
BigCodeBench/140,train,0
BigCodeBench/141,train,0
BigCodeBench/142,train,0
BigCodeBench/143,dev,0
BigCodeBench/144,dev,0
BigCodeBench/145,train,0
BigCodeBench/146,dev,0
BigCodeBench/147,train,1
BigCodeBench/148,train,0
BigCodeBench/149,train,0
BigCodeBench/15,train,1
BigCodeBench/150,train,0
BigCodeBench/151,train,0
BigCodeBench/152,train,0
BigCodeBench/153,train,0
BigCodeBench/154,test,0
BigCodeBench/155,test,0
BigCodeBench/156,train,0
BigCodeBench/157,train,0
BigCodeBench/158,train,0
BigCodeBench/159,train,0
BigCodeBench/16,train,0
BigCodeBench/160,train,0
BigCodeBench/161,train,1
BigCodeBench/162,train,1
BigCodeBench/163,train,0
BigCodeBench/164,dev,0
BigCodeBench/165,train,0
BigCodeBench/166,train,0
BigCodeBench/167,train,0
BigCodeBench/168,train,0
BigCodeBench/169,test,0
BigCodeBench/17,test,1
BigCodeBench/170,train,0
BigCodeBench/171,train,0
BigCodeBench/172,train,0
BigCodeBench/173,dev,0
BigCodeBench/174,test,0
BigCodeBench/175,train,0
BigCodeBench/176,train,0
BigCodeBench/177,test,1
BigCodeBench/178,test,0
BigCodeBench/179,train,0
BigCodeBench/18,train,0
BigCodeBench/180,dev,0
BigCodeBench/181,train,0
BigCodeBench/182,train,0
BigCodeBench/183,dev,0
BigCodeBench/184,train,1
BigCodeBench/185,test,0
BigCodeBench/186,train,0
BigCodeBench/187,train,1
BigCodeBench/188,train,0
BigCodeBench/189,dev,0
BigCodeBench/19,dev,1
BigCodeBench/190,dev,0
BigCodeBench/191,test,0
BigCodeBench/192,train,0
BigCodeBench/193,test,0
BigCodeBench/194,test,0
BigCodeBench/195,train,0
BigCodeBench/196,train,0
BigCodeBench/197,train,0
BigCodeBench/198,train,0
BigCodeBench/199,train,1
BigCodeBench/2,train,0
BigCodeBench/20,train,0
BigCodeBench/200,train,0
BigCodeBench/201,train,0
BigCodeBench/202,train,0
BigCodeBench/203,test,0
BigCodeBench/204,dev,0
BigCodeBench/205,test,0
BigCodeBench/206,train,0
BigCodeBench/207,train,0
BigCodeBench/208,train,1
BigCodeBench/209,dev,0
BigCodeBench/21,train,0
BigCodeBench/210,train,0
BigCodeBench/211,train,1
BigCodeBench/212,train,0
BigCodeBench/213,train,0
BigCodeBench/214,train,1
BigCodeBench/215,test,0
BigCodeBench/216,train,0
BigCodeBench/217,train,0
BigCodeBench/218,dev,0
BigCodeBench/219,train,0
BigCodeBench/22,train,0
BigCodeBench/220,test,0
BigCodeBench/221,train,0
BigCodeBench/222,dev,0
BigCodeBench/223,train,0
BigCodeBench/224,train,0
BigCodeBench/225,test,0
BigCodeBench/226,dev,0
BigCodeBench/227,train,1
BigCodeBench/228,train,0
BigCodeBench/229,train,0
BigCodeBench/23,train,0
BigCodeBench/230,train,0
BigCodeBench/231,train,0
BigCodeBench/232,test,0
BigCodeBench/233,test,0
BigCodeBench/234,train,0
BigCodeBench/235,train,0
BigCodeBench/236,test,0
BigCodeBench/237,dev,0
BigCodeBench/238,train,0
BigCodeBench/239,train,1
BigCodeBench/24,train,0
BigCodeBench/240,train,0
BigCodeBench/241,dev,1
BigCodeBench/242,train,0
BigCodeBench/243,train,0
BigCodeBench/244,dev,0
BigCodeBench/245,train,0
BigCodeBench/246,train,0
BigCodeBench/247,train,0
BigCodeBench/248,train,0
BigCodeBench/249,test,0
BigCodeBench/25,dev,0
BigCodeBench/250,train,0
BigCodeBench/251,train,0
BigCodeBench/252,train,0
BigCodeBench/253,dev,0
BigCodeBench/254,train,0
BigCodeBench/255,dev,0
BigCodeBench/256,train,0
BigCodeBench/257,train,0
BigCodeBench/258,train,0
BigCodeBench/259,train,0
BigCodeBench/26,train,0
BigCodeBench/260,train,0
BigCodeBench/261,train,0
BigCodeBench/262,test,0
BigCodeBench/263,dev,0
BigCodeBench/264,train,0
BigCodeBench/265,dev,0
BigCodeBench/266,test,0
BigCodeBench/267,train,1
BigCodeBench/268,train,0
BigCodeBench/269,train,0
BigCodeBench/27,train,0
BigCodeBench/270,train,0
BigCodeBench/271,train,0
BigCodeBench/272,train,0
BigCodeBench/273,dev,1
BigCodeBench/274,dev,1
BigCodeBench/275,test,0
BigCodeBench/276,test,0
BigCodeBench/277,train,0
BigCodeBench/278,train,0
BigCodeBench/279,train,0
BigCodeBench/28,train,0
BigCodeBench/280,train,0
BigCodeBench/281,train,0
BigCodeBench/282,dev,0
BigCodeBench/283,train,0
BigCodeBench/284,train,0
BigCodeBench/285,dev,0
BigCodeBench/286,test,0
BigCodeBench/287,train,1
BigCodeBench/288,dev,0
BigCodeBench/289,train,0
BigCodeBench/29,train,0
BigCodeBench/290,train,0
BigCodeBench/291,train,0
BigCodeBench/292,dev,0
BigCodeBench/293,train,0
BigCodeBench/294,test,0
BigCodeBench/295,test,0
BigCodeBench/296,train,0
BigCodeBench/297,test,0
BigCodeBench/298,train,0
BigCodeBench/299,dev,0
BigCodeBench/3,train,0
BigCodeBench/30,test,0
BigCodeBench/300,train,0
BigCodeBench/301,train,0
BigCodeBench/302,train,1
BigCodeBench/303,test,0
BigCodeBench/304,train,0
BigCodeBench/305,train,0
BigCodeBench/306,train,0
BigCodeBench/307,train,0
BigCodeBench/308,train,1
BigCodeBench/309,train,0
BigCodeBench/31,train,0
BigCodeBench/310,test,1
BigCodeBench/311,train,0
BigCodeBench/312,train,0
BigCodeBench/313,test,1
BigCodeBench/314,train,0
BigCodeBench/315,train,0
BigCodeBench/316,dev,0
BigCodeBench/317,train,0
BigCodeBench/318,dev,0
BigCodeBench/319,test,0
BigCodeBench/32,train,0
BigCodeBench/320,train,0
BigCodeBench/321,train,0
BigCodeBench/322,train,0
BigCodeBench/323,test,0
BigCodeBench/324,dev,1
BigCodeBench/325,dev,0
BigCodeBench/326,dev,1
BigCodeBench/327,train,0
BigCodeBench/328,dev,0
BigCodeBench/329,train,0
BigCodeBench/33,train,0
BigCodeBench/330,train,0
BigCodeBench/331,test,0
BigCodeBench/332,train,0
BigCodeBench/333,train,0
BigCodeBench/334,train,0
BigCodeBench/335,train,0
BigCodeBench/336,dev,0
BigCodeBench/337,train,0
BigCodeBench/338,train,0
BigCodeBench/339,train,0
BigCodeBench/34,train,1
BigCodeBench/340,train,0
BigCodeBench/341,test,1
BigCodeBench/342,train,0
BigCodeBench/343,train,0
BigCodeBench/344,train,0
BigCodeBench/345,train,0
BigCodeBench/346,train,1
BigCodeBench/347,train,0
BigCodeBench/348,test,0
BigCodeBench/349,train,0
BigCodeBench/35,dev,0
BigCodeBench/350,dev,0
BigCodeBench/351,train,0
BigCodeBench/352,test,0
BigCodeBench/353,train,0
BigCodeBench/354,test,0
BigCodeBench/355,train,0
BigCodeBench/356,dev,0
BigCodeBench/357,test,0
BigCodeBench/358,test,0
BigCodeBench/359,train,0
BigCodeBench/36,train,0
BigCodeBench/360,test,1
BigCodeBench/361,train,0
BigCodeBench/362,train,0
BigCodeBench/363,train,0
BigCodeBench/364,train,0
BigCodeBench/365,train,0
BigCodeBench/366,train,0
BigCodeBench/367,train,1
BigCodeBench/368,train,1
BigCodeBench/369,test,0
BigCodeBench/37,train,1
BigCodeBench/370,test,0
BigCodeBench/371,train,0
BigCodeBench/372,train,0
BigCodeBench/373,train,0
BigCodeBench/374,train,1
BigCodeBench/375,train,0
BigCodeBench/376,train,0
BigCodeBench/377,test,0
BigCodeBench/378,train,0
BigCodeBench/379,dev,0
BigCodeBench/38,dev,0
BigCodeBench/380,train,0
BigCodeBench/381,train,0
BigCodeBench/382,train,0
BigCodeBench/383,train,0
BigCodeBench/384,train,0
BigCodeBench/385,dev,0
BigCodeBench/386,dev,0
BigCodeBench/387,train,0
BigCodeBench/388,dev,0
BigCodeBench/389,train,0
BigCodeBench/39,test,0
BigCodeBench/390,train,0
BigCodeBench/391,train,0
BigCodeBench/392,train,0
BigCodeBench/393,train,0
BigCodeBench/394,dev,0
BigCodeBench/395,train,0
BigCodeBench/396,train,0
BigCodeBench/397,train,0
BigCodeBench/398,train,0
BigCodeBench/399,train,1
BigCodeBench/4,train,0
BigCodeBench/40,dev,0
BigCodeBench/400,train,0
BigCodeBench/401,train,1
BigCodeBench/402,train,0
BigCodeBench/403,train,0
BigCodeBench/404,train,0
BigCodeBench/405,train,0
BigCodeBench/406,train,0
BigCodeBench/407,train,0
BigCodeBench/408,train,0
BigCodeBench/409,train,1
BigCodeBench/41,test,0
BigCodeBench/410,dev,0
BigCodeBench/411,train,0
BigCodeBench/412,train,0
BigCodeBench/413,train,0
BigCodeBench/414,train,0
BigCodeBench/415,dev,0
BigCodeBench/416,train,0
BigCodeBench/417,dev,1
BigCodeBench/418,train,1
BigCodeBench/419,train,0
BigCodeBench/42,dev,0
BigCodeBench/420,train,0
BigCodeBench/421,dev,0
BigCodeBench/422,test,0
BigCodeBench/423,train,0
BigCodeBench/424,train,1
BigCodeBench/425,train,0
BigCodeBench/426,train,0
BigCodeBench/427,train,0
BigCodeBench/428,dev,0
BigCodeBench/429,train,0
BigCodeBench/43,dev,0
BigCodeBench/430,test,0
BigCodeBench/431,train,0
BigCodeBench/432,train,0
BigCodeBench/433,train,0
BigCodeBench/434,dev,0
BigCodeBench/435,dev,0
BigCodeBench/436,train,0
BigCodeBench/437,train,0
BigCodeBench/438,train,0
BigCodeBench/439,train,0
BigCodeBench/44,train,0
BigCodeBench/440,train,0
BigCodeBench/441,test,0
BigCodeBench/442,train,0
BigCodeBench/443,dev,1
BigCodeBench/444,test,0
BigCodeBench/445,dev,1
BigCodeBench/446,train,0
BigCodeBench/447,train,0
BigCodeBench/448,train,0
BigCodeBench/449,test,0
BigCodeBench/45,train,0
BigCodeBench/450,train,0
BigCodeBench/451,dev,0
BigCodeBench/452,train,0
BigCodeBench/453,test,0
BigCodeBench/454,train,1
BigCodeBench/455,test,0
BigCodeBench/456,dev,0
BigCodeBench/457,train,0
BigCodeBench/458,dev,1
BigCodeBench/459,train,0
BigCodeBench/46,dev,0
BigCodeBench/460,dev,0
BigCodeBench/461,train,1
BigCodeBench/462,train,0
BigCodeBench/463,dev,0
BigCodeBench/464,train,0
BigCodeBench/465,dev,0
BigCodeBench/466,train,0
BigCodeBench/467,dev,0
BigCodeBench/468,test,0
BigCodeBench/469,train,0
BigCodeBench/47,train,0
BigCodeBench/470,train,0
BigCodeBench/471,train,0
BigCodeBench/472,train,0
BigCodeBench/473,train,0
BigCodeBench/474,train,0
BigCodeBench/475,train,0
BigCodeBench/476,train,0
BigCodeBench/477,train,1
BigCodeBench/478,train,0
BigCodeBench/479,train,0
BigCodeBench/48,train,0
BigCodeBench/480,train,0
BigCodeBench/481,train,0
BigCodeBench/482,train,0
BigCodeBench/483,train,0
BigCodeBench/484,train,0
BigCodeBench/485,train,0
BigCodeBench/486,train,1
BigCodeBench/487,train,0
BigCodeBench/488,dev,0
BigCodeBench/489,test,0
BigCodeBench/49,test,0
BigCodeBench/490,train,0
BigCodeBench/491,train,0
BigCodeBench/492,train,1
BigCodeBench/493,train,0
BigCodeBench/494,train,0
BigCodeBench/495,train,0
BigCodeBench/496,train,0
BigCodeBench/497,train,0
BigCodeBench/498,dev,0
BigCodeBench/499,train,0
BigCodeBench/5,train,0
BigCodeBench/50,train,0
BigCodeBench/500,test,0
BigCodeBench/501,train,1
BigCodeBench/502,test,1
BigCodeBench/503,train,1
BigCodeBench/504,train,0
BigCodeBench/505,test,0
BigCodeBench/506,train,0
BigCodeBench/507,train,0
BigCodeBench/508,train,0
BigCodeBench/509,test,1
BigCodeBench/51,train,0
BigCodeBench/510,dev,0
BigCodeBench/511,train,1
BigCodeBench/512,train,0
BigCodeBench/513,train,1
BigCodeBench/514,train,0
BigCodeBench/515,train,0
BigCodeBench/516,train,0
BigCodeBench/517,train,0
BigCodeBench/518,train,0
BigCodeBench/519,train,0
BigCodeBench/52,test,0
BigCodeBench/520,train,0
BigCodeBench/521,dev,0
BigCodeBench/522,train,0
BigCodeBench/523,train,0
BigCodeBench/524,train,0
BigCodeBench/525,train,0
BigCodeBench/526,train,1
BigCodeBench/527,train,0
BigCodeBench/528,train,1
BigCodeBench/529,train,0
BigCodeBench/53,dev,0
BigCodeBench/530,dev,1
BigCodeBench/531,test,0
BigCodeBench/532,train,1
BigCodeBench/533,train,0
BigCodeBench/534,train,0
BigCodeBench/535,test,0
BigCodeBench/536,train,0
BigCodeBench/537,train,0
BigCodeBench/538,dev,0
BigCodeBench/539,train,0
BigCodeBench/54,train,0
BigCodeBench/540,dev,0
BigCodeBench/541,train,0
BigCodeBench/542,train,0
BigCodeBench/543,test,0
BigCodeBench/544,test,0
BigCodeBench/545,train,0
BigCodeBench/546,train,0
BigCodeBench/547,train,0
BigCodeBench/548,dev,0
BigCodeBench/549,test,0
BigCodeBench/55,train,0
BigCodeBench/550,dev,0
BigCodeBench/551,train,0
BigCodeBench/552,dev,0
BigCodeBench/553,dev,1
BigCodeBench/554,train,0
BigCodeBench/555,train,0
BigCodeBench/556,dev,0
BigCodeBench/557,train,0
BigCodeBench/558,test,0
BigCodeBench/559,train,0
BigCodeBench/56,train,0
BigCodeBench/560,train,1
BigCodeBench/561,dev,0
BigCodeBench/562,test,0
BigCodeBench/563,train,0
BigCodeBench/564,train,0
BigCodeBench/565,dev,0
BigCodeBench/566,test,0
BigCodeBench/567,train,1
BigCodeBench/568,test,0
BigCodeBench/569,train,0
BigCodeBench/57,train,0
BigCodeBench/570,dev,0
BigCodeBench/571,test,0
BigCodeBench/572,train,0
BigCodeBench/573,dev,0
BigCodeBench/574,train,1
BigCodeBench/575,test,0
BigCodeBench/576,train,0
BigCodeBench/577,train,0
BigCodeBench/578,train,0
BigCodeBench/579,train,1
BigCodeBench/58,train,0
BigCodeBench/580,train,0
BigCodeBench/581,train,0
BigCodeBench/582,train,1
BigCodeBench/583,train,1
BigCodeBench/584,train,0
BigCodeBench/585,test,0
BigCodeBench/586,train,0
BigCodeBench/587,train,1
BigCodeBench/588,train,0
BigCodeBench/589,train,0
BigCodeBench/59,train,0
BigCodeBench/590,train,1
BigCodeBench/591,train,0
BigCodeBench/592,train,1
BigCodeBench/593,train,1
BigCodeBench/594,test,1
BigCodeBench/595,train,0
BigCodeBench/596,train,0
BigCodeBench/597,train,0
BigCodeBench/598,train,0
BigCodeBench/599,train,0
BigCodeBench/6,dev,0
BigCodeBench/60,dev,0
BigCodeBench/600,train,0
BigCodeBench/601,train,0
BigCodeBench/602,test,0
BigCodeBench/603,test,0
BigCodeBench/604,dev,0
BigCodeBench/605,train,0
BigCodeBench/606,train,0
BigCodeBench/607,train,0
BigCodeBench/608,train,0
BigCodeBench/609,train,0
BigCodeBench/61,train,0
BigCodeBench/610,train,0
BigCodeBench/611,train,0
BigCodeBench/612,train,0
BigCodeBench/613,train,0
BigCodeBench/614,train,0
BigCodeBench/615,test,0
BigCodeBench/616,train,0
BigCodeBench/617,train,0
BigCodeBench/618,dev,1
BigCodeBench/619,train,0
BigCodeBench/62,train,0
BigCodeBench/620,train,0
BigCodeBench/621,train,0
BigCodeBench/622,train,0
BigCodeBench/623,train,0
BigCodeBench/624,test,0
BigCodeBench/625,train,0
BigCodeBench/626,dev,0
BigCodeBench/627,train,0
BigCodeBench/628,test,0
BigCodeBench/629,train,0
BigCodeBench/63,dev,0
BigCodeBench/630,dev,0
BigCodeBench/631,train,0
BigCodeBench/632,train,0
BigCodeBench/633,train,0
BigCodeBench/634,train,0
BigCodeBench/635,train,0
BigCodeBench/636,test,1
BigCodeBench/637,train,1
BigCodeBench/638,dev,0
BigCodeBench/639,train,0
BigCodeBench/64,train,0
BigCodeBench/640,train,0
BigCodeBench/641,test,0
BigCodeBench/642,train,0
BigCodeBench/643,train,0
BigCodeBench/644,train,0
BigCodeBench/645,dev,0
BigCodeBench/646,train,0
BigCodeBench/647,train,0
BigCodeBench/648,train,0
BigCodeBench/649,train,0
BigCodeBench/65,train,0
BigCodeBench/650,test,0
BigCodeBench/651,test,0
BigCodeBench/652,train,0
BigCodeBench/653,train,0
BigCodeBench/654,train,1
BigCodeBench/655,test,1
BigCodeBench/656,test,0
BigCodeBench/657,dev,1
BigCodeBench/658,dev,0
BigCodeBench/659,train,0
BigCodeBench/66,train,0
BigCodeBench/660,train,0
BigCodeBench/661,test,0
BigCodeBench/662,train,0
BigCodeBench/663,test,0
BigCodeBench/664,train,0
BigCodeBench/665,test,0
BigCodeBench/666,test,0
BigCodeBench/667,dev,0
BigCodeBench/668,train,0
BigCodeBench/669,train,0
BigCodeBench/67,train,0
BigCodeBench/670,dev,0
BigCodeBench/671,train,0
BigCodeBench/672,train,0
BigCodeBench/673,train,0
BigCodeBench/674,dev,0
BigCodeBench/675,train,0
BigCodeBench/676,train,0
BigCodeBench/677,train,0
BigCodeBench/678,train,1
BigCodeBench/679,test,0
BigCodeBench/68,train,0
BigCodeBench/680,train,0
BigCodeBench/681,train,0
BigCodeBench/682,dev,0
BigCodeBench/683,train,0
BigCodeBench/684,test,0
BigCodeBench/685,train,0
BigCodeBench/686,train,0
BigCodeBench/687,train,0
BigCodeBench/688,dev,0
BigCodeBench/689,train,0
BigCodeBench/69,train,0
BigCodeBench/690,train,0
BigCodeBench/691,train,0
BigCodeBench/692,train,0
BigCodeBench/693,train,0
BigCodeBench/694,dev,0
BigCodeBench/695,train,0
BigCodeBench/696,test,0
BigCodeBench/697,train,0
BigCodeBench/698,train,0
BigCodeBench/699,dev,0
BigCodeBench/7,train,0
BigCodeBench/70,dev,0
BigCodeBench/700,train,0
BigCodeBench/701,test,0
BigCodeBench/702,train,0
BigCodeBench/703,dev,0
BigCodeBench/704,train,0
BigCodeBench/705,train,0
BigCodeBench/706,train,0
BigCodeBench/707,train,0
BigCodeBench/708,train,0
BigCodeBench/709,train,0
BigCodeBench/71,dev,0
BigCodeBench/710,train,0
BigCodeBench/711,test,0
BigCodeBench/712,dev,0
BigCodeBench/713,train,0
BigCodeBench/714,train,0
BigCodeBench/715,train,0
BigCodeBench/716,train,0
BigCodeBench/717,train,0
BigCodeBench/718,train,0
BigCodeBench/719,train,0
BigCodeBench/72,train,0
BigCodeBench/720,train,1
BigCodeBench/721,train,0
BigCodeBench/722,test,0
BigCodeBench/723,train,1
BigCodeBench/724,train,0
BigCodeBench/725,train,0
BigCodeBench/726,train,0
BigCodeBench/727,train,0
BigCodeBench/728,train,0
BigCodeBench/729,dev,0
BigCodeBench/73,test,0
BigCodeBench/730,train,0
BigCodeBench/731,train,0
BigCodeBench/732,train,0
BigCodeBench/733,train,0
BigCodeBench/734,dev,0
BigCodeBench/735,dev,0
BigCodeBench/736,train,0
BigCodeBench/737,train,0
BigCodeBench/738,dev,0
BigCodeBench/739,train,0
BigCodeBench/74,test,0
BigCodeBench/740,train,0
BigCodeBench/741,train,0
BigCodeBench/742,train,0
BigCodeBench/743,train,0
BigCodeBench/744,train,0
BigCodeBench/745,dev,0
BigCodeBench/746,train,0
BigCodeBench/747,test,0
BigCodeBench/748,train,0
BigCodeBench/749,test,0
BigCodeBench/75,train,0
BigCodeBench/750,train,0
BigCodeBench/751,dev,0
BigCodeBench/752,train,1
BigCodeBench/753,train,0
BigCodeBench/754,train,0
BigCodeBench/755,train,0
BigCodeBench/756,test,0
BigCodeBench/757,train,0
BigCodeBench/758,train,0
BigCodeBench/759,dev,0
BigCodeBench/76,train,0
BigCodeBench/760,train,1
BigCodeBench/761,dev,0
BigCodeBench/762,train,0
BigCodeBench/763,train,1
BigCodeBench/764,train,0
BigCodeBench/765,train,1
BigCodeBench/766,train,0
BigCodeBench/767,train,0
BigCodeBench/768,dev,0
BigCodeBench/769,test,0
BigCodeBench/77,dev,0
BigCodeBench/770,train,0
BigCodeBench/771,train,1
BigCodeBench/772,train,0
BigCodeBench/773,train,0
BigCodeBench/774,train,0
BigCodeBench/775,train,0
BigCodeBench/776,train,0
BigCodeBench/777,train,1
BigCodeBench/778,train,0
BigCodeBench/779,train,0
BigCodeBench/78,dev,0
BigCodeBench/780,train,0
BigCodeBench/781,train,0
BigCodeBench/782,dev,0
BigCodeBench/783,train,0
BigCodeBench/784,train,0
BigCodeBench/785,test,1
BigCodeBench/786,dev,0
BigCodeBench/787,train,0
BigCodeBench/788,test,0
BigCodeBench/789,train,0
BigCodeBench/79,test,0
BigCodeBench/790,train,0
BigCodeBench/791,dev,0
BigCodeBench/792,train,0
BigCodeBench/793,test,0
BigCodeBench/794,train,0
BigCodeBench/795,train,0
BigCodeBench/796,dev,0
BigCodeBench/797,train,0
BigCodeBench/798,train,0
BigCodeBench/799,test,0
BigCodeBench/8,train,0
BigCodeBench/80,train,0
BigCodeBench/800,train,1
BigCodeBench/801,test,0
BigCodeBench/802,train,0
BigCodeBench/803,train,0
BigCodeBench/804,test,0
BigCodeBench/805,train,0
BigCodeBench/806,train,0
BigCodeBench/807,train,0
BigCodeBench/808,train,0
BigCodeBench/809,dev,0
BigCodeBench/81,train,0
BigCodeBench/810,train,0
BigCodeBench/811,train,0
BigCodeBench/812,test,0
BigCodeBench/813,train,0
BigCodeBench/814,train,0
BigCodeBench/815,train,0
BigCodeBench/816,train,0
BigCodeBench/817,test,0
BigCodeBench/818,train,0
BigCodeBench/819,train,0
BigCodeBench/82,train,1
BigCodeBench/820,train,0
BigCodeBench/821,train,0
BigCodeBench/822,train,0
BigCodeBench/823,test,0
BigCodeBench/824,test,0
BigCodeBench/825,train,0
BigCodeBench/826,train,1
BigCodeBench/827,dev,0
BigCodeBench/828,test,0
BigCodeBench/829,train,0
BigCodeBench/83,train,0
BigCodeBench/830,train,0
BigCodeBench/831,train,0
BigCodeBench/832,train,0
BigCodeBench/833,train,0
BigCodeBench/834,train,0
BigCodeBench/835,train,0
BigCodeBench/836,test,0
BigCodeBench/837,train,0
BigCodeBench/838,train,0
BigCodeBench/839,train,0
BigCodeBench/84,test,0
BigCodeBench/840,train,0
BigCodeBench/841,test,0
BigCodeBench/842,train,0
BigCodeBench/843,dev,0
BigCodeBench/844,train,0
BigCodeBench/845,test,1
BigCodeBench/846,test,0
BigCodeBench/847,train,0
BigCodeBench/848,train,0
BigCodeBench/849,train,0
BigCodeBench/85,train,0
BigCodeBench/850,test,0
BigCodeBench/851,train,0
BigCodeBench/852,train,0
BigCodeBench/853,dev,0
BigCodeBench/854,train,1
BigCodeBench/855,train,0
BigCodeBench/856,test,0
BigCodeBench/857,test,1
BigCodeBench/858,dev,0
BigCodeBench/859,train,0
BigCodeBench/86,train,0
BigCodeBench/860,train,0
BigCodeBench/861,train,0
BigCodeBench/862,train,0
BigCodeBench/863,train,0
BigCodeBench/864,train,0
BigCodeBench/865,train,1
BigCodeBench/866,train,0
BigCodeBench/867,dev,0
BigCodeBench/868,train,0
BigCodeBench/869,train,0
BigCodeBench/87,dev,0
BigCodeBench/870,train,1
BigCodeBench/871,train,0
BigCodeBench/872,train,0
BigCodeBench/873,train,0
BigCodeBench/874,train,0
BigCodeBench/875,train,0
BigCodeBench/876,train,0
BigCodeBench/877,train,0
BigCodeBench/878,train,0
BigCodeBench/879,test,1
BigCodeBench/88,train,0
BigCodeBench/880,train,0
BigCodeBench/881,train,0
BigCodeBench/882,dev,0
BigCodeBench/883,train,0
BigCodeBench/884,train,0
BigCodeBench/885,train,0
BigCodeBench/886,train,0
BigCodeBench/887,dev,0
BigCodeBench/888,train,0
BigCodeBench/889,train,0
BigCodeBench/89,train,1
BigCodeBench/890,train,0
BigCodeBench/891,train,0
BigCodeBench/892,train,0
BigCodeBench/893,train,0
BigCodeBench/894,train,0
BigCodeBench/895,train,0
BigCodeBench/896,train,0
BigCodeBench/897,train,1
BigCodeBench/898,train,0
BigCodeBench/899,train,0
BigCodeBench/9,train,0
BigCodeBench/90,train,0
BigCodeBench/900,train,0
BigCodeBench/901,train,0
BigCodeBench/902,dev,0
BigCodeBench/903,test,0
BigCodeBench/904,train,0
BigCodeBench/905,dev,0
BigCodeBench/906,dev,1
BigCodeBench/907,test,0
BigCodeBench/908,train,0
BigCodeBench/909,train,0
BigCodeBench/91,dev,0
BigCodeBench/910,test,0
BigCodeBench/911,train,0
BigCodeBench/912,train,0
BigCodeBench/913,train,0
BigCodeBench/914,train,1
BigCodeBench/915,train,1
BigCodeBench/916,train,1
BigCodeBench/917,train,1
BigCodeBench/918,train,0
BigCodeBench/919,train,0
BigCodeBench/92,test,1
BigCodeBench/920,train,0
BigCodeBench/921,train,0
BigCodeBench/922,test,0
BigCodeBench/923,train,0
BigCodeBench/924,train,0
BigCodeBench/925,train,0
BigCodeBench/926,train,0
BigCodeBench/927,dev,0
BigCodeBench/928,dev,1
BigCodeBench/929,test,0
BigCodeBench/93,train,1
BigCodeBench/930,train,0
BigCodeBench/931,dev,0
BigCodeBench/932,train,0
BigCodeBench/933,train,0
BigCodeBench/934,train,0
BigCodeBench/935,train,0
BigCodeBench/936,train,0
BigCodeBench/937,train,0
BigCodeBench/938,train,0
BigCodeBench/939,train,0
BigCodeBench/94,train,0
BigCodeBench/940,train,0
BigCodeBench/941,train,0
BigCodeBench/942,train,1
BigCodeBench/943,train,0
BigCodeBench/944,train,0
BigCodeBench/945,dev,1
BigCodeBench/946,train,0
BigCodeBench/947,train,0
BigCodeBench/948,train,0
BigCodeBench/949,train,0
BigCodeBench/95,train,0
BigCodeBench/950,test,0
BigCodeBench/951,train,0
BigCodeBench/952,train,1
BigCodeBench/953,train,0
BigCodeBench/954,train,0
BigCodeBench/955,train,1
BigCodeBench/956,dev,0
BigCodeBench/957,dev,0
BigCodeBench/958,test,0
BigCodeBench/959,train,0
BigCodeBench/96,train,0
BigCodeBench/960,train,0
BigCodeBench/961,train,0
BigCodeBench/962,train,0
BigCodeBench/963,train,1
BigCodeBench/964,train,1
BigCodeBench/965,train,0
BigCodeBench/966,test,0
BigCodeBench/967,test,0
BigCodeBench/968,train,0
BigCodeBench/969,train,1
BigCodeBench/97,train,0
BigCodeBench/970,train,0
BigCodeBench/971,dev,1
BigCodeBench/972,train,0
BigCodeBench/973,train,0
BigCodeBench/974,test,0
BigCodeBench/975,test,0
BigCodeBench/976,train,0
BigCodeBench/977,test,0
BigCodeBench/978,train,0
BigCodeBench/979,dev,0
BigCodeBench/98,train,0
BigCodeBench/980,train,0
BigCodeBench/981,train,0
BigCodeBench/982,dev,0
BigCodeBench/983,test,0
BigCodeBench/984,train,0
BigCodeBench/985,train,1
BigCodeBench/986,train,0
BigCodeBench/987,dev,0
BigCodeBench/988,train,1
BigCodeBench/989,train,0
BigCodeBench/99,test,1
BigCodeBench/990,train,1
BigCodeBench/991,train,0
BigCodeBench/992,train,0
BigCodeBench/993,train,0
BigCodeBench/994,train,0
BigCodeBench/995,train,0
BigCodeBench/996,train,0
BigCodeBench/997,test,0
BigCodeBench/998,train,1
BigCodeBench/999,train,1
