timestamp, name, memory.used [MiB], memory.total [MiB], utilization.gpu [%], temperature.gpu, power.draw [W]
2026/10/11 02:21:57.375, NVIDIA GeForce RTX 3080 Ti, 1 MiB, 12288 MiB, 0 %, 30, 30.61 W
2026/10/11 02:22:07.388, NVIDIA GeForce RTX 3080 Ti, 942 MiB, 12288 MiB, 61 %, 39, 280.51 W
2026/10/11 02:22:17.389, NVIDIA GeForce RTX 3080 Ti, 942 MiB, 12288 MiB, 58 %, 45, 279.61 W
2026/10/11 02:22:27.389, NVIDIA GeForce RTX 3080 Ti, 942 MiB, 12288 MiB, 65 %, 49, 282.15 W
2026/10/11 02:22:37.390, NVIDIA GeForce RTX 3080 Ti, 942 MiB, 12288 MiB, 65 %, 53, 285.78 W
2026/10/11 02:22:47.392, NVIDIA GeForce RTX 3080 Ti, 942 MiB, 12288 MiB, 67 %, 56, 285.70 W
2026/10/11 02:22:57.393, NVIDIA GeForce RTX 3080 Ti, 942 MiB, 12288 MiB, 59 %, 57, 288.33 W
2026/10/11 02:23:07.394, NVIDIA GeForce RTX 3080 Ti, 942 MiB, 12288 MiB, 63 %, 57, 289.69 W
2026/10/11 02:23:17.395, NVIDIA GeForce RTX 3080 Ti, 958 MiB, 12288 MiB, 6 %, 52, 120.04 W
2026/10/11 02:23:27.396, NVIDIA GeForce RTX 3080 Ti, 1 MiB, 12288 MiB, 0 %, 46, 47.69 W
2026/10/11 02:23:37.397, NVIDIA GeForce RTX 3080 Ti, 1 MiB, 12288 MiB, 0 %, 41, 30.01 W
2026/10/11 02:23:47.398, NVIDIA GeForce RTX 3080 Ti, 1 MiB, 12288 MiB, 0 %, 39, 27.79 W
2026/10/11 02:23:57.399, NVIDIA GeForce RTX 3080 Ti, 1 MiB, 12288 MiB, 0 %, 37, 27.13 W
2026/10/11 02:24:07.400, NVIDIA GeForce RTX 3080 Ti, 1 MiB, 12288 MiB, 0 %, 35, 26.62 W
2026/10/11 02:24:17.401, NVIDIA GeForce RTX 3080 Ti, 1 MiB, 12288 MiB, 0 %, 34, 26.52 W
2026/10/11 02:24:27.403, NVIDIA GeForce RTX 3080 Ti, 1 MiB, 12288 MiB, 0 %, 33, 26.51 W
2026/10/11 02:24:37.404, NVIDIA GeForce RTX 3080 Ti, 1 MiB, 12288 MiB, 0 %, 33, 26.36 W
