heldout,max_abs_diff_fused,pearson_fused,row_mine,row_ref,delta_row,tm_mine,tm_ref,delta_tm,semantic_vs_linear_pearson,char_pearson,word_pearson,style_pearson
Qwen--Qwen2.5-Coder-1.5B-Instruct,3.04752,0.420269,0.970882,0.881180,0.089703,0.982456,0.923141,0.059315,0.333916,0.153634,0.153167,0.487701
Qwen--Qwen2.5-Coder-14B-Instruct,2.81578,0.491609,0.845271,0.980140,-0.134869,0.866332,0.984127,-0.117794,0.397466,0.365962,0.385838,0.079039
Qwen--Qwen2.5-Coder-32B-Instruct,2.25241,0.587795,0.937954,0.985085,-0.047130,0.965748,0.988304,-0.022556,0.427216,0.410031,0.410043,0.419914
Qwen--Qwen2.5-Coder-7B-Instruct,2.65235,0.398714,0.768495,0.983272,-0.214777,0.773601,0.980785,-0.207185,0.178429,0.283015,0.278450,0.348488
codellama--CodeLlama-13b-Instruct-hf,2.4461,0.598598,0.955723,0.928056,0.027667,0.960735,0.934837,0.025898,0.467254,0.635527,0.615180,0.196510
codellama--CodeLlama-34b-Instruct-hf,2.14842,0.570678,0.949992,0.911201,0.038791,0.971596,0.933166,0.038429,0.471127,0.633655,0.575151,0.138690
codellama--CodeLlama-70b-Instruct-hf,2.64135,0.569949,0.937851,0.903839,0.034013,0.963241,0.927318,0.035923,0.457086,0.605059,0.583718,0.195148
codellama--CodeLlama-7b-Instruct-hf,2.22475,0.605362,0.976672,0.967995,0.008677,0.977444,0.972431,0.005013,0.488167,0.654240,0.624335,0.159514
deepseek-ai--deepseek-coder-1.3b-instruct,3.38768,0.282671,0.970149,0.919155,0.050994,0.976608,0.928363,0.048246,0.250542,0.207179,0.168638,0.231851
deepseek-ai--deepseek-coder-33b-instruct,4.31016,0.328203,0.987979,0.901316,0.086663,0.991228,0.913743,0.077485,0.272869,0.238758,0.214853,0.262067
deepseek-ai--deepseek-coder-6.7b-instruct,5.46818,0.231014,0.960509,0.917526,0.042983,0.956871,0.942251,0.014620,0.204716,0.159674,0.181926,0.206893
